timestamp_utc,source_rev,device_tag,gpu,op,impl,rows,hidden,num_warps,check,max_rel,fro_rel,warmup_s_min,warmup_s,warmup_iters,warmup_settled,warmup_sm_mean_mhz,warmup_sm_range_pct,reps,ms_median,ms_p10,ms_p90,ms_min,ms_max,ms_max_rep,spread_pct,bytes_min,eff_bandwidth_gbs,pct_bandwidth_roof,flops_per_call,tflops,pre_sm_mhz,pre_temp_c,pre_power_w,pre_power_limit_w,start_sm_mhz,start_mem_mhz,start_temp_c,start_power_w,start_power_limit_w,start_reasons,end_sm_mhz,end_mem_mhz,end_temp_c,end_power_w,end_power_limit_w,end_reasons,timed_s,sw_power_cap_ms,sw_thermal_ms,hw_thermal_ms,hw_power_brake_ms,tag,torch,triton,timing,submit_ms,desc
2026-09-17T20:51:20Z,8bcf0ba7804d,rtx4060-laptop,NVIDIA GeForce RTX 4060 Laptop GPU,rmsnorm_bwd,eager,4096,1024,,pass,4.518e-06,1.156e-07,30.0,30.00,17223,yes,2520,0.00,100,1.641696,1.573594,1.690624,1.539072,1.906688,25,22.39,50331648,30.658,15.29,,,1890,50,18.14,119.15,2520,8001,59,63.44,127.41,0x0000000000000000,2520,8001,59,58.15,124.26,0x0000000000000000,0.17,0.0,0.0,0.0,0.0,triton-final,2.14.0+cu132,3.8.0,per-call,,autograd through the eager expression
2026-09-17T20:51:50Z,8bcf0ba7804d,rtx4060-laptop,NVIDIA GeForce RTX 4060 Laptop GPU,rmsnorm_bwd,native,4096,1024,,pass,8.021e-06,2.239e-07,30.0,30.00,65434,yes,2520,0.00,100,0.410672,0.377856,0.434061,0.372736,0.465856,74,22.68,50331648,122.559,61.11,,,2520,59,22.70,121.65,2520,8001,59,55.77,126.01,0x0000000000000000,2520,8001,59,58.84,127.02,0x0000000000000000,0.05,0.0,0.0,0.0,0.0,triton-final,2.14.0+cu132,3.8.0,per-call,,autograd through PyTorch's fused RMSNorm
2026-09-17T20:52:23Z,8bcf0ba7804d,rtx4060-laptop,NVIDIA GeForce RTX 4060 Laptop GPU,rmsnorm_bwd,compile,4096,1024,,pass,2.439e-06,1.036e-07,30.0,30.00,59122,yes,2520,0.00,100,0.443616,0.427645,0.484256,0.415680,0.590848,7,39.49,50331648,113.458,56.57,,,630,55,14.80,118.55,2520,8001,58,52.97,124.86,0x0000000000000000,2520,8001,58,53.06,124.69,0x0000000000000000,0.05,0.0,0.0,0.0,0.0,triton-final,2.14.0+cu132,3.8.0,per-call,,autograd through the compiled eager expression
2026-09-17T20:52:53Z,8bcf0ba7804d,rtx4060-laptop,NVIDIA GeForce RTX 4060 Laptop GPU,rmsnorm_bwd,triton,4096,1024,4,pass,4.019e-06,1.294e-07,30.0,30.00,93962,yes,2520,0.00,100,0.270096,0.258752,0.334950,0.240640,0.349184,58,40.19,50331648,186.347,92.91,,,2520,58,39.20,125.57,2520,8001,59,54.06,122.52,0x0000000000000000,2520,8001,59,54.28,124.18,0x0000000000000000,0.03,0.0,0.0,0.0,0.0,triton-final,2.14.0+cu132,3.8.0,per-call,,Triton; dx and partial dw in one kernel; num_warps=4
2026-09-17T20:53:23Z,8bcf0ba7804d,rtx4060-laptop,NVIDIA GeForce RTX 4060 Laptop GPU,rmsnorm_bwd,triton,4096,1024,4,pass,4.019e-06,1.294e-07,30.0,30.00,94533,yes,2520,0.00,100,0.272080,0.255898,0.338125,0.207872,0.463424,88,93.93,50331648,184.988,92.23,,,2520,59,47.25,122.02,2520,8001,59,55.26,126.82,0x0000000000000000,2520,8001,59,53.16,124.10,0x0000000000000000,0.03,0.0,0.0,0.0,0.0,triton-final,2.14.0+cu132,3.8.0,per-call,,Triton; dx and partial dw in one kernel; num_warps=4
2026-09-17T20:53:53Z,8bcf0ba7804d,rtx4060-laptop,NVIDIA GeForce RTX 4060 Laptop GPU,rmsnorm_bwd,compile,4096,1024,,pass,2.439e-06,1.036e-07,30.0,30.00,60359,yes,2520,0.00,100,0.439808,0.424925,0.501248,0.397312,0.679936,27,64.26,50331648,114.440,57.06,,,2520,59,22.79,120.96,2520,8001,59,52.95,124.90,0x0000000000000000,2520,8001,59,53.75,126.97,0x0000000000000000,0.05,0.0,0.0,0.0,0.0,triton-final,2.14.0+cu132,3.8.0,per-call,,autograd through the compiled eager expression
2026-09-17T20:54:23Z,8bcf0ba7804d,rtx4060-laptop,NVIDIA GeForce RTX 4060 Laptop GPU,rmsnorm_bwd,native,4096,1024,,pass,8.021e-06,2.239e-07,30.0,30.00,64824,yes,2520,0.00,100,0.408944,0.379891,0.496026,0.364416,0.612352,44,60.63,50331648,123.077,61.36,,,2520,59,41.28,126.97,2520,8001,60,58.15,123.16,0x0000000000000000,2520,8001,60,58.31,122.07,0x0000000000000000,0.05,0.0,0.0,0.0,0.0,triton-final,2.14.0+cu132,3.8.0,per-call,,autograd through PyTorch's fused RMSNorm
2026-09-17T20:54:54Z,8bcf0ba7804d,rtx4060-laptop,NVIDIA GeForce RTX 4060 Laptop GPU,rmsnorm_bwd,eager,4096,1024,,pass,4.518e-06,1.156e-07,30.0,30.00,16664,yes,2520,0.00,100,1.624016,1.561123,2.200941,1.505312,2.810944,57,80.40,50331648,30.992,15.45,,,2520,60,50.75,119.08,2520,8001,61,63.99,127.57,0x0000000000000000,2520,8001,61,61.32,117.23,0x0000000000000000,0.19,0.0,0.0,0.0,0.0,triton-final,2.14.0+cu132,3.8.0,per-call,,autograd through the eager expression
2026-09-17T20:55:25Z,8bcf0ba7804d,rtx4060-laptop,NVIDIA GeForce RTX 4060 Laptop GPU,rmsnorm_bwd,eager,4096,2048,,pass,5.294e-06,1.196e-07,30.0,30.00,7419,yes,2520,0.00,100,3.929600,3.655818,4.111769,3.462048,4.391936,20,23.66,100663296,25.617,12.77,,,2520,59,26.23,115.00,2520,8001,61,62.02,124.17,0x0000000000000000,2520,8001,61,62.09,124.17,0x0000000000000000,0.40,0.0,0.0,0.0,0.0,triton-final,2.14.0+cu132,3.8.0,per-call,,autograd through the eager expression
2026-09-17T20:55:55Z,8bcf0ba7804d,rtx4060-laptop,NVIDIA GeForce RTX 4060 Laptop GPU,rmsnorm_bwd,native,4096,2048,,pass,9.438e-06,2.114e-07,30.0,30.00,34873,yes,2520,0.00,100,0.813648,0.763686,0.849850,0.746496,0.908352,64,19.89,100663296,123.718,61.68,,,2520,61,23.73,119.84,2520,8001,61,63.50,126.30,0x0000000000000000,2520,8001,61,63.57,125.19,0x0000000000000000,0.09,0.0,0.0,0.0,0.0,triton-final,2.14.0+cu132,3.8.0,per-call,,autograd through PyTorch's fused RMSNorm
2026-09-17T20:56:26Z,8bcf0ba7804d,rtx4060-laptop,NVIDIA GeForce RTX 4060 Laptop GPU,rmsnorm_bwd,compile,4096,2048,,pass,4.609e-06,1.267e-07,30.0,30.00,44471,yes,2520,0.00,100,0.586752,0.558915,0.726307,0.544640,0.917344,84,63.52,100663296,171.560,85.54,,,2520,58,22.69,123.24,2520,8001,60,55.76,126.78,0x0000000000000000,2520,8001,60,34.53,126.12,0x0000000000000000,0.07,0.0,0.0,0.0,0.0,triton-final,2.14.0+cu132,3.8.0,per-call,,autograd through the compiled eager expression
2026-09-17T20:56:56Z,8bcf0ba7804d,rtx4060-laptop,NVIDIA GeForce RTX 4060 Laptop GPU,rmsnorm_bwd,triton,4096,2048,4,pass,5.203e-06,1.303e-07,30.0,30.00,51410,yes,2520,0.00,100,0.551936,0.495616,0.943485,0.432128,1.174528,79,134.51,100663296,182.382,90.93,,,2520,60,21.72,121.25,2520,8001,60,57.05,129.05,0x0000000000000000,2520,8001,60,54.65,125.79,0x0000000000000000,0.07,0.0,0.0,0.0,0.0,triton-final,2.14.0+cu132,3.8.0,per-call,,Triton; dx and partial dw in one kernel; num_warps=4
2026-09-17T20:57:32Z,8bcf0ba7804d,rtx4060-laptop,NVIDIA GeForce RTX 4060 Laptop GPU,rmsnorm_bwd,triton,4096,2048,4,pass,5.203e-06,1.303e-07,30.0,35.76,59231,yes,2520,0.00,100,0.519680,0.496448,0.652352,0.484256,0.692224,48,40.02,100663296,193.702,96.58,,,2520,60,23.77,120.13,2520,8001,60,57.78,130.39,0x0000000000000000,2520,8001,60,55.01,130.39,0x0000000000000000,0.06,0.0,0.0,0.0,0.0,triton-final,2.14.0+cu132,3.8.0,per-call,,Triton; dx and partial dw in one kernel; num_warps=4
2026-09-17T20:58:03Z,8bcf0ba7804d,rtx4060-laptop,NVIDIA GeForce RTX 4060 Laptop GPU,rmsnorm_bwd,compile,4096,2048,,pass,4.609e-06,1.267e-07,30.0,30.00,45407,yes,2520,0.00,100,0.598560,0.558816,0.724275,0.546624,0.817152,39,45.20,100663296,168.176,83.85,,,2520,60,46.69,125.41,2520,8001,60,55.83,129.80,0x0000000000000000,2520,8001,60,56.00,128.21,0x0000000000000000,0.07,0.0,0.0,0.0,0.0,triton-final,2.14.0+cu132,3.8.0,per-call,,autograd through the compiled eager expression
2026-09-17T20:58:33Z,8bcf0ba7804d,rtx4060-laptop,NVIDIA GeForce RTX 4060 Laptop GPU,rmsnorm_bwd,native,4096,2048,,pass,9.438e-06,2.114e-07,30.0,30.00,34987,yes,2520,0.00,100,0.812544,0.759866,0.914803,0.734208,1.055488,5,39.54,100663296,123.887,61.77,,,2520,60,40.75,124.13,2520,8001,61,63.88,124.68,0x0000000000000000,2520,8001,61,59.07,125.96,0x0000000000000000,0.09,0.0,0.0,0.0,0.0,triton-final,2.14.0+cu132,3.8.0,per-call,,autograd through PyTorch's fused RMSNorm
2026-09-17T20:59:04Z,8bcf0ba7804d,rtx4060-laptop,NVIDIA GeForce RTX 4060 Laptop GPU,rmsnorm_bwd,eager,4096,2048,,pass,5.294e-06,1.196e-07,30.0,30.00,8019,yes,2520,0.00,100,3.705872,3.609088,3.754627,3.514368,3.877760,84,9.81,100663296,27.163,13.54,,,2520,61,25.38,121.62,2520,8001,61,63.34,131.99,0x0000000000000000,2520,8001,60,55.95,130.63,0x0000000000000000,0.38,0.0,0.0,0.0,0.0,triton-final,2.14.0+cu132,3.8.0,per-call,,autograd through the eager expression
2026-09-17T20:59:35Z,8bcf0ba7804d,rtx4060-laptop,NVIDIA GeForce RTX 4060 Laptop GPU,rmsnorm_bwd,eager,4096,4096,,pass,5.895e-06,1.325e-07,30.0,30.01,3887,yes,2520,0.00,100,7.446624,7.220528,7.940003,7.161856,8.541888,36,18.53,201326592,27.036,13.48,,,2520,57,22.30,115.00,2520,8001,61,63.45,128.01,0x0000000000000000,2520,8001,61,63.97,128.87,0x0000000000000000,0.76,0.0,0.0,0.0,0.0,triton-final,2.14.0+cu132,3.8.0,per-call,,autograd through the eager expression
2026-09-17T21:00:06Z,8bcf0ba7804d,rtx4060-laptop,NVIDIA GeForce RTX 4060 Laptop GPU,rmsnorm_bwd,native,4096,4096,,pass,9.347e-06,2.176e-07,30.0,30.00,17349,yes,2520,0.00,100,1.600000,1.483530,1.887334,1.464224,2.706432,73,77.64,201326592,125.829,62.74,,,2520,61,23.01,118.36,2520,8001,62,66.36,127.72,0x0000000000000000,2520,8001,62,61.72,127.14,0x0000000000000000,0.18,0.0,0.0,0.0,0.0,triton-final,2.14.0+cu132,3.8.0,per-call,,autograd through PyTorch's fused RMSNorm
2026-09-17T21:00:36Z,8bcf0ba7804d,rtx4060-laptop,NVIDIA GeForce RTX 4060 Laptop GPU,rmsnorm_bwd,compile,4096,4096,,pass,8.249e-06,1.655e-07,30.0,30.00,16974,yes,2520,0.00,100,1.607552,1.496960,1.854963,1.426432,2.508800,26,67.33,201326592,125.238,62.44,,,2520,59,24.47,118.05,2520,8001,61,61.77,127.43,0x0000000000000000,2520,8001,61,35.27,125.67,0x0000000000000000,0.18,0.0,0.0,0.0,0.0,triton-final,2.14.0+cu132,3.8.0,per-call,,autograd through the compiled eager expression
2026-09-17T21:01:07Z,8bcf0ba7804d,rtx4060-laptop,NVIDIA GeForce RTX 4060 Laptop GPU,rmsnorm_bwd,triton,4096,4096,4,pass,4.580e-06,1.305e-07,30.0,30.00,26808,yes,2520,0.00,100,1.006208,0.942070,1.147821,0.882688,1.854368,16,96.57,201326592,200.084,99.76,,,2520,61,21.23,118.64,2520,8001,61,60.94,129.16,0x0000000000000000,2520,8001,61,31.62,126.39,0x0000000000000000,0.11,0.0,0.0,0.0,0.0,triton-final,2.14.0+cu132,3.8.0,per-call,,Triton; dx and partial dw in one kernel; num_warps=4
2026-09-17T21:01:37Z,8bcf0ba7804d,rtx4060-laptop,NVIDIA GeForce RTX 4060 Laptop GPU,rmsnorm_bwd,triton,4096,4096,4,pass,4.580e-06,1.305e-07,30.0,30.00,26752,yes,2520,0.00,100,0.989616,0.940624,1.164538,0.925696,1.885184,62,96.96,201326592,203.439,101.43,,,2520,61,23.76,116.56,2520,8001,61,60.59,127.60,0x0000000000000000,2520,8001,61,60.66,128.62,0x0000000000000000,0.11,0.0,0.0,0.0,0.0,triton-final,2.14.0+cu132,3.8.0,per-call,,Triton; dx and partial dw in one kernel; num_warps=4
2026-09-17T21:02:08Z,8bcf0ba7804d,rtx4060-laptop,NVIDIA GeForce RTX 4060 Laptop GPU,rmsnorm_bwd,compile,4096,4096,,pass,8.249e-06,1.655e-07,30.0,30.00,17062,yes,2520,0.00,100,1.621392,1.502720,1.860608,1.445888,2.508800,68,65.56,201326592,124.169,61.91,,,2520,61,25.53,116.22,2520,8001,61,61.85,126.18,0x0000000000000000,2520,8001,62,61.77,128.20,0x0000000000000000,0.18,0.0,0.0,0.0,0.0,triton-final,2.14.0+cu132,3.8.0,per-call,,autograd through the compiled eager expression
2026-09-17T21:02:39Z,8bcf0ba7804d,rtx4060-laptop,NVIDIA GeForce RTX 4060 Laptop GPU,rmsnorm_bwd,native,4096,4096,,pass,9.347e-06,2.176e-07,30.0,30.00,16920,yes,2520,0.00,100,1.576960,1.487597,2.493411,1.413120,2.783392,22,86.89,201326592,127.668,63.65,,,2520,60,24.03,118.36,2520,8001,63,47.94,119.19,0x0000000000000001,2520,8001,63,28.08,117.14,0x0000000000000000,0.20,0.0,0.0,0.0,0.0,triton-final,2.14.0+cu132,3.8.0,per-call,,autograd through PyTorch's fused RMSNorm
2026-09-17T21:03:10Z,8bcf0ba7804d,rtx4060-laptop,NVIDIA GeForce RTX 4060 Laptop GPU,rmsnorm_bwd,eager,4096,4096,,pass,5.895e-06,1.325e-07,30.0,30.01,4039,yes,2520,0.00,100,7.377200,7.072835,7.444669,7.038976,7.753728,86,9.69,201326592,27.290,13.61,,,2520,63,25.02,115.37,2520,8001,62,64.12,127.03,0x0000000000000000,2520,8001,62,64.22,130.49,0x0000000000000000,0.74,0.0,0.0,0.0,0.0,triton-final,2.14.0+cu132,3.8.0,per-call,,autograd through the eager expression
2026-09-17T21:03:43Z,8bcf0ba7804d,rtx4060-laptop,NVIDIA GeForce RTX 4060 Laptop GPU,rmsnorm_bwd,eager,4096,8192,,pass,8.372e-06,1.595e-07,30.0,30.00,1983,yes,2520,0.00,100,15.899408,14.634185,16.323990,14.309248,16.720896,52,15.17,402653184,25.325,12.63,,,2520,59,24.73,115.00,2520,8001,63,63.06,122.04,0x0000000000000000,2520,8001,62,63.93,121.27,0x0000000000000000,1.58,0.0,0.0,0.0,0.0,triton-final,2.14.0+cu132,3.8.0,per-call,,autograd through the eager expression
2026-09-17T21:04:14Z,8bcf0ba7804d,rtx4060-laptop,NVIDIA GeForce RTX 4060 Laptop GPU,rmsnorm_bwd,native,4096,8192,,pass,9.892e-06,2.148e-07,30.0,30.00,8577,yes,2520,0.00,100,3.310352,3.105779,3.399011,3.069952,3.459072,24,11.75,402653184,121.635,60.64,,,2520,60,22.26,115.00,2520,8001,63,67.74,122.45,0x0000000000000000,2520,8001,63,59.59,127.14,0x0000000000000000,0.33,0.0,0.0,0.0,0.0,triton-final,2.14.0+cu132,3.8.0,per-call,,autograd through PyTorch's fused RMSNorm
2026-09-17T21:04:46Z,8bcf0ba7804d,rtx4060-laptop,NVIDIA GeForce RTX 4060 Laptop GPU,rmsnorm_bwd,compile,4096,8192,,pass,8.170e-06,1.660e-07,30.0,30.00,9390,yes,2520,0.00,100,3.124176,2.943898,3.231587,2.908096,3.773024,38,27.68,402653184,128.883,64.26,,,2520,61,23.67,115.31,2520,8001,63,64.59,116.47,0x0000000000000000,2520,8001,63,61.94,123.16,0x0000000000000000,0.32,0.0,0.0,0.0,0.0,triton-final,2.14.0+cu132,3.8.0,per-call,,autograd through the compiled eager expression
2026-09-17T21:05:17Z,8bcf0ba7804d,rtx4060-laptop,NVIDIA GeForce RTX 4060 Laptop GPU,rmsnorm_bwd,triton,4096,8192,4,pass,6.453e-06,1.309e-07,30.0,30.00,14375,yes,2520,0.00,100,1.980896,1.859350,2.164813,1.802272,2.330624,60,26.67,402653184,203.268,101.35,,,2520,60,22.90,115.00,2520,8001,64,68.42,130.14,0x0000000000000000,2520,8001,64,68.33,130.60,0x0000000000000000,0.21,0.0,0.0,0.0,0.0,triton-final,2.14.0+cu132,3.8.0,per-call,,Triton; dx and partial dw in one kernel; num_warps=4
2026-09-17T21:05:48Z,8bcf0ba7804d,rtx4060-laptop,NVIDIA GeForce RTX 4060 Laptop GPU,rmsnorm_bwd,triton,4096,8192,4,pass,6.453e-06,1.309e-07,30.0,30.00,14316,yes,2520,0.00,100,1.986800,1.921952,2.052096,1.892352,2.268160,85,18.92,402653184,202.664,101.04,,,2520,60,25.71,115.03,2520,8001,64,68.70,128.14,0x0000000000000000,2520,8001,64,68.29,130.58,0x0000000000000000,0.21,0.0,0.0,0.0,0.0,triton-final,2.14.0+cu132,3.8.0,per-call,,Triton; dx and partial dw in one kernel; num_warps=4
2026-09-17T21:06:19Z,8bcf0ba7804d,rtx4060-laptop,NVIDIA GeForce RTX 4060 Laptop GPU,rmsnorm_bwd,compile,4096,8192,,pass,8.170e-06,1.660e-07,30.0,30.00,9438,yes,2520,0.00,100,3.174896,2.951677,3.311718,2.882560,4.365120,59,46.70,402653184,126.824,63.23,,,2520,60,26.51,115.00,2520,8001,63,64.87,129.48,0x0000000000000000,2520,8001,63,63.39,128.90,0x0000000000000000,0.32,0.0,0.0,0.0,0.0,triton-final,2.14.0+cu132,3.8.0,per-call,,autograd through the compiled eager expression
2026-09-17T21:06:50Z,8bcf0ba7804d,rtx4060-laptop,NVIDIA GeForce RTX 4060 Laptop GPU,rmsnorm_bwd,native,4096,8192,,pass,9.892e-06,2.148e-07,30.0,30.00,8860,yes,2520,0.00,100,3.407216,3.132106,3.900723,3.046272,4.104128,33,31.05,402653184,118.177,58.92,,,2520,61,22.76,115.69,2520,8001,64,67.25,126.25,0x0000000000000000,2520,8001,64,61.06,127.60,0x0000000000000000,0.36,0.0,0.0,0.0,0.0,triton-final,2.14.0+cu132,3.8.0,per-call,,autograd through PyTorch's fused RMSNorm
2026-09-17T21:07:22Z,8bcf0ba7804d,rtx4060-laptop,NVIDIA GeForce RTX 4060 Laptop GPU,rmsnorm_bwd,eager,4096,8192,,pass,8.372e-06,1.595e-07,30.0,30.01,1969,yes,2520,0.00,100,14.862800,14.424995,17.763479,14.252032,18.712576,11,30.01,402653184,27.091,13.51,,,2520,61,22.87,115.23,2520,8001,63,62.76,120.68,0x0000000000000000,2520,8001,63,56.58,120.90,0x0000000000000000,1.58,0.0,0.0,0.0,0.0,triton-final,2.14.0+cu132,3.8.0,per-call,,autograd through the eager expression
