recorded_source_rev,source_commit,verification
3b38cfd68b30,a026971593896b5dbc624e9114dd5b782a3dc39f,tracked_source_identical
4398f412a03e,6c252c0542384d3c1009658f9b7e4edc0287964a,tracked_source_identical
45b7649874e4,ba41709970da5b6a7aaeee33790e916e3da3513b,tracked_source_identical
48b0f1b47036,fe0bfe3732b4f44e27b5489868b1ebf0a0a69afe,tracked_source_identical
4adb2029e70f,66f42bc12c376f883db6ad0546c2caf63dfd838c,tracked_source_identical
4f7aee8d0421,82402f59e318418a1e7dd829ee9e403c97e57504,tracked_source_identical
5abf9ee877c9,fa9f509c7e233275b920006b8f938318632ce86e,tracked_source_identical
5caf9d823070,138e1642325ada6640eb4bac9706ee0fadedb9c2,tracked_source_identical
65ddb9912752,c94f2b762c56ece3d2c2772b15610ae60065ab2a,tracked_source_identical
6bf2ea21e486,75b30b0c090ebf9a8d3b18503e125ee71301fe15,tracked_source_identical
76e45927703e,ca51668ebd79cf3f8daa58b3459cb43fe8719cd5,tracked_source_identical
793177c8ff8e,0b72f0332e3a44204c37f41e0398a98b35ebea59,tracked_source_identical
7a41c5cf3126-dirty,4136111f976fe6dc617f27469a412f05625602c9,base_only_dirty_run
7cb19c9ba734,6d5a89ef3e649bb58b7e073094a3ab279af0b059,tracked_source_identical
89a987fb68cc,bf8a8b4a588287a736ab2c717eb0ae3e6e975c14,tracked_source_identical
8bcf0ba7804d,3e21d5fec96cbfe332725b8145ab51538cfb4d2e,tracked_source_identical
ae94fb88f873,9eba4b4eb10388c2b8c33aca71400540be59b9fc,tracked_source_identical
d6cb1bdb91b2,9eba4b4eb10388c2b8c33aca71400540be59b9fc,tracked_source_identical
d7fc30569d68,74f9cbeab5019336062c288729e0cc62c7205b4a,tracked_source_identical
ddc3fbd630fd,ff58b9f2d48cfefd2f1ae55a322c2c0967e869a5,tracked_source_identical
f33a73937672,a9386f18e55f4eb381e9793821f9618f8f77e0a3,tracked_source_identical
f4cdbae11a9d,8bd273e7e690a8241bc992de44130525bcc39446,tracked_source_identical
